City_ID,City,Lat,Lng,Max Temp,Humidity,Cloudiness,Wind Speed,Country,Date
0,dicabisagan,122.4157,17.0818,28.24,73,81,1.98,PH,1670118687
1,atuona,-139.0333,-9.8,25.37,78,2,6.65,PF,1670118837
2,thompson,-97.8558,55.7435,-27.91,76,20,2.06,CA,1670118838
3,saldanha,17.9442,-33.0117,14.03,75,53,8.72,ZA,1670118838
4,san+cristobal,-72.225,7.7669,20.1,97,92,1.46,VE,1670118839
5,pisco,-76.2167,-13.7,19.45,82,0,5.14,PE,1670118554
6,morehead,-87.1764,37.2711,0.55,76,0,0.0,US,1670118839
7,te+anau,167.7167,-45.4167,12.13,79,100,2.86,NZ,1670118840
8,mataura,168.8643,-46.1927,16.42,55,99,4.51,NZ,1670118840
9,san+luis,-66.3356,-33.295,24.38,33,32,6.26,AR,1670118841
10,poso,120.7524,-1.3959,29.1,67,100,1.06,ID,1670118841
11,vaini,-175.2,-21.2,29.09,84,75,4.12,TO,1670118842
12,broken+hill,141.4333,-31.95,30.96,18,0,1.32,AU,1670118842
13,albany,-73.9662,42.6001,5.22,65,15,0.45,US,1670118739
14,hithadhoo,73.0833,-0.6,28.16,71,100,5.27,MV,1670118843
15,hasaki,140.8333,35.7333,12.38,49,70,2.99,JP,1670118568
16,port+elizabeth,25.5701,-33.918,17.4,85,100,1.79,ZA,1670118844
17,oksfjord,22.3479,70.2396,0.1,89,5,4.14,NO,1670118844
18,salalah,54.0924,17.0151,21.9,57,0,1.44,OM,1670118845
19,brezice,15.5911,45.9033,4.15,95,100,1.03,SI,1670118845
20,sitka,-135.33,57.0531,0.0,61,7,0.66,US,1670118846
21,egvekinot,-179.1667,66.3167,-9.41,91,100,7.35,RU,1670118846
22,monterey,-121.2516,36.2505,13.99,1,100,5.31,US,1670118561
23,vestmanna,-7.1664,62.1564,5.51,93,75,2.06,FO,1670118847
24,butaritari,172.7902,3.0707,27.27,78,14,5.89,KI,1670118847
25,komsomolskiy,71.7189,40.4272,1.4,93,75,0.0,UZ,1670118848
26,nador,-2.9287,35.174,11.14,93,0,0.51,MA,1670118848
27,lavrentiya,-171.0,65.5833,-0.42,99,100,4.57,RU,1670118849
28,rikitea,-134.9692,-23.1203,23.84,77,7,5.7,PF,1670118849
29,namibe,12.1522,-15.1961,21.19,85,99,1.82,AO,1670118850
30,comodoro+rivadavia,-67.5,-45.8667,18.92,27,0,8.23,AR,1670118808
31,nome,-165.4064,64.5011,1.04,93,100,6.17,US,1670118850
32,avarua,-159.775,-21.2078,29.03,79,100,3.6,CK,1670118851
33,murindo,-76.7544,6.9848,22.21,98,100,1.09,CO,1670118851
34,hermanus,19.2345,-34.4187,14.26,69,40,2.16,ZA,1670118852
35,lebu,-73.65,-37.6167,13.19,89,6,4.95,CL,1670118852
36,guerrero+negro,-114.0611,27.9769,18.09,79,92,4.05,MX,1670118761
37,pangkalanbuun,111.6167,-2.6833,29.87,63,100,1.27,ID,1670118853
38,bredasdorp,20.0403,-34.5322,12.24,71,9,0.77,ZA,1670118854
39,east+london,27.9116,-33.0153,17.99,82,100,2.48,ZA,1670118854
40,northam,-4.2167,51.0333,5.22,75,100,6.33,GB,1670118855
41,cayenne,-52.3333,4.9333,23.02,94,75,0.51,GF,1670118579
42,busselton,115.3333,-33.65,19.78,57,70,6.99,AU,1670118856
43,nikolskoye,30.7861,59.7035,-5.05,88,100,3.68,RU,1670118857
44,jumla,82.1838,29.2747,5.03,23,0,2.18,NP,1670118857
45,pueblo,-104.6091,38.2545,7.13,43,100,1.16,US,1670118858
46,georgetown,100.3354,5.4112,27.16,89,20,1.54,MY,1670118858
47,bluff,168.3333,-46.6,14.29,75,100,12.72,NZ,1670118859
48,aktash,87.7333,50.3,-26.84,68,75,2.18,RU,1670118860
49,port+alfred,26.891,-33.5906,16.77,91,100,3.1,ZA,1670118860
50,tabuk,121.4443,17.4189,27.88,70,40,1.5,PH,1670118861
51,ahipara,173.1667,-35.1667,19.5,60,4,3.96,NZ,1670118861
52,bengkulu,102.2655,-3.8004,26.78,74,44,1.14,ID,1670118862
53,hobart,147.3294,-42.8794,20.03,68,75,4.63,AU,1670118101
54,torbay,-52.7314,47.6666,0.71,78,75,3.09,CA,1670118863
55,new+norfolk,147.0587,-42.7826,19.84,31,100,1.58,AU,1670118863
56,punta+arenas,-70.9167,-53.15,6.06,65,20,6.69,CL,1670118864
57,khatanga,102.5,71.9667,-9.24,92,100,11.67,RU,1670118865
58,aksarka,67.7975,66.5606,-14.75,94,80,1.39,RU,1670118865
59,robinson,-97.1147,31.4677,12.14,50,100,3.6,US,1670118866
60,arraial+do+cabo,-42.0278,-22.9661,22.66,91,97,11.43,BR,1670118866
61,baykit,96.37,61.67,-28.05,100,66,1.14,RU,1670118867
62,tasiilaq,-37.6368,65.6145,-0.48,96,100,4.71,GL,1670118867
63,oranjemund,16.4333,-28.55,14.09,88,5,4.31,NA,1670118868
64,kropotkin,40.5756,45.4375,-3.97,70,9,9.82,RU,1670118868
65,dikson,80.5464,73.5069,-2.05,93,100,9.96,RU,1670118869
66,ushuaia,-68.3,-54.8,3.81,87,75,6.17,AR,1670118697
67,port-cartier,-66.8654,50.0334,3.12,99,100,2.08,CA,1670118870
68,zhangye,100.4517,38.9342,-5.99,58,84,1.95,CN,1670118870
69,cidreira,-50.2056,-30.1811,21.95,97,100,2.27,BR,1670118871
70,xiongyue,122.1228,40.1774,-5.08,37,0,5.38,CN,1670118871
71,taoudenni,-3.9836,22.6783,21.38,19,0,2.73,ML,1670118872
72,sazonovo,35.2268,59.0919,-7.73,92,100,3.47,RU,1670118872
73,san+borja,-66.85,-14.8167,25.07,63,72,1.12,BO,1670118873
74,bima,118.7167,-8.4667,31.04,60,79,1.16,ID,1670118873
75,ormara,64.6357,25.2088,22.94,47,0,2.0,PK,1670118874
76,kiama,150.8667,-34.6833,25.77,63,0,5.36,AU,1670118750
77,victor+harbor,138.6167,-35.5667,33.16,29,100,5.85,AU,1670118875
78,cabo+san+lucas,-109.9124,22.8909,26.4,72,4,3.22,MX,1670118780
79,aswan,32.907,24.0934,14.61,41,0,3.09,EG,1670118627
80,comarapa,-64.4833,-17.9,14.58,69,87,0.47,BO,1670118875
81,sheridan,-106.9173,44.8333,-5.3,72,1,1.07,US,1670118876
82,yaan,8.5667,7.3833,23.14,46,0,2.04,NG,1670118877
83,narsaq,-46.05,60.9167,-11.11,75,2,3.96,GL,1670118877
84,aklavik,-135.0107,68.2191,-10.37,78,83,11.29,CA,1670118878
85,takoradi,-1.7554,4.8845,25.17,87,85,2.42,GH,1670118878
86,norman+wells,-126.8329,65.282,-0.98,51,100,10.8,CA,1670118879
87,novyy+urgal,132.5642,51.0736,-25.07,84,71,0.89,RU,1670118879
88,pudozh,36.5345,61.8099,-6.21,74,100,3.74,RU,1670118880
89,nouadhibou,-17.0347,20.931,17.99,88,0,4.12,MR,1670118880
90,chokurdakh,147.9167,70.6333,-29.62,97,63,5.04,RU,1670118881
91,belyy+yar,91.3903,53.6039,-26.06,80,75,0.0,RU,1670118660
92,pevek,170.3133,69.7008,-12.44,77,100,1.94,RU,1670118882
93,shenjiamen,122.298,29.9576,13.94,82,100,10.03,CN,1670118882
94,fallon,-118.7774,39.4735,3.84,55,75,3.09,US,1670118759
95,mudgee,149.5871,-32.5943,26.69,27,4,1.29,AU,1670118883
96,saint-philippe,55.7679,-21.3585,23.77,85,92,4.11,RE,1670118884
97,burnie,145.9167,-41.0667,21.64,64,99,2.79,AU,1670118884
98,pelham,-86.81,33.2857,17.85,96,75,1.54,US,1670118885
99,hilo,-155.09,19.7297,26.82,85,100,4.63,US,1670118741
100,smithers,-127.1743,54.7804,-15.82,72,0,1.54,CA,1670118885
101,baracoa,-74.4958,20.3467,24.42,81,37,6.85,CU,1670118886
102,bouar,15.596,5.934,19.36,51,96,1.52,CF,1670118886
103,nabire,135.4833,-3.3667,29.64,66,100,1.9,ID,1670118887
104,venezuela,-66.0,8.0,26.38,68,100,6.23,VE,1670118887
105,jamestown,-79.2353,42.097,2.77,57,100,5.66,US,1670118742
106,fortuna,-124.1573,40.5982,10.52,78,100,1.54,US,1670118888
107,chihuahua,-106.0,28.5,20.11,45,59,2.27,MX,1670118676
108,itaituba,-55.9836,-4.2761,23.07,98,99,0.51,BR,1670118889
109,barrow,-156.7887,71.2906,-11.74,85,95,4.54,US,1670118889
110,poum,164.0167,-20.2333,26.81,81,100,4.88,NC,1670118890
111,katsuura,140.3,35.1333,16.01,56,100,8.94,JP,1670118890
112,fuerte+olimpo,-57.8738,-21.0415,22.99,91,99,2.08,PY,1670118891
113,mahebourg,57.7,-20.4081,23.16,83,40,0.0,MU,1670118891
114,muros,-9.0603,42.7762,6.02,85,3,4.78,ES,1670118892
115,warrington,-2.5802,53.3925,4.62,91,54,0.45,GB,1670118866
116,kapaa,-159.319,22.0752,26.99,68,8,1.79,US,1670118893
117,longyearbyen,15.6401,78.2186,-2.09,80,100,6.69,SJ,1670118893
118,verkhoyansk,133.385,67.5447,-23.44,99,100,1.9,RU,1670118707
119,okhotsk,143.3,59.3833,-26.93,91,100,4.98,RU,1670118894
120,suntar,117.6319,62.1444,-13.39,92,100,4.56,RU,1670118613
121,chirongui,45.1483,-12.9319,26.96,75,6,4.24,YT,1670118894
122,barra+do+garcas,-52.2567,-15.89,22.57,93,100,2.35,BR,1670118895
123,severo-kurilsk,156.125,50.6789,1.55,89,96,7.83,RU,1670118895
124,kobryn,24.3564,52.2138,-2.73,95,98,5.2,BY,1670118896
125,bathsheba,-59.5167,13.2167,26.34,89,40,5.14,BB,1670118896
126,luderitz,15.1594,-26.6481,14.79,73,4,6.89,NA,1670118897
127,sioux+lookout,-91.917,50.1001,-16.96,85,75,5.66,CA,1670118897
128,champerico,-91.9167,14.3,26.74,75,9,1.25,GT,1670118898
129,evensk,159.2333,61.95,-20.98,79,7,4.06,RU,1670118898
130,hofn,-15.2082,64.2539,2.73,56,0,2.29,IS,1670118899
131,tilichiki,166.1,60.4667,-15.88,79,20,3.06,RU,1670118900
132,pangody,74.4859,65.85,-23.09,99,36,1.96,RU,1670118900
133,teluknaga,106.6381,-6.0989,29.02,79,20,1.54,ID,1670118900
134,taltal,-70.4833,-25.4,18.61,74,10,1.42,CL,1670118620
135,kodinsk,99.1844,58.6881,-21.06,98,95,1.9,RU,1670118901
136,kyra,111.9753,49.5776,-16.92,71,100,3.1,RU,1670118902
137,kaeo,173.7833,-35.1,21.11,55,4,3.27,NZ,1670118903
138,edd,41.6925,13.9297,26.29,49,3,5.57,ER,1670118903
139,carnarvon,113.6333,-24.8667,23.96,64,14,5.46,AU,1670118904
140,camacha,-16.3333,33.0833,13.68,77,40,1.03,PT,1670118904
141,grand+gaube,57.6608,-20.0064,23.22,77,15,2.24,MU,1670118905
142,tsaratanana,47.65,-16.7833,23.21,84,64,1.74,MG,1670118905
143,auki,160.7034,-8.7676,29.08,70,93,1.38,SB,1670118906
144,iqaluit,-68.5145,63.7506,-9.15,66,75,6.17,CA,1670118906
145,kozhva,57.0459,65.1073,-19.1,100,99,1.37,RU,1670118907
146,tiksi,128.8694,71.6872,-23.13,94,100,8.24,RU,1670118897
147,laguna,-121.4238,38.421,11.76,94,100,3.09,US,1670118680
148,san+vicente,-54.1333,-26.6167,19.36,96,72,0.63,AR,1670118908
149,porosozero,32.727,62.7191,-7.18,90,100,3.66,RU,1670118909
150,port-gentil,8.7815,-0.7193,25.31,85,100,2.21,GA,1670118910
151,saskylakh,114.0833,71.9167,-11.99,93,100,10.69,RU,1670118910
152,yellowknife,-114.3525,62.456,-9.71,92,100,3.6,CA,1670118911
153,chuy,-53.4616,-33.6971,18.42,96,93,1.44,UY,1670118911
154,kodiak,-152.4072,57.79,0.6,71,78,2.64,US,1670118912
155,mount+isa,139.5,-20.7333,32.87,18,0,3.6,AU,1670118823
156,abu+samrah,37.1841,35.3029,12.28,71,100,0.98,SY,1670118912
157,tiznit,-9.5,29.5833,12.7,74,37,1.25,MA,1670118913
158,talladega,-86.1058,33.4359,16.41,100,100,0.0,US,1670118914
159,vardo,31.1107,70.3705,-2.01,86,100,2.06,NO,1670118914
160,mitsamiouli,43.2844,-11.3847,26.16,80,3,5.03,KM,1670118915
161,port+blair,92.75,11.6667,28.02,83,40,2.06,IN,1670118915
162,clearwater,-82.8001,27.9659,21.95,80,0,3.58,US,1670118633
163,road+town,-64.6167,18.4167,25.02,78,40,2.57,VG,1670118869
164,esperance,121.9,-33.8667,19.18,70,100,7.96,AU,1670118917
165,ixtapa,-105.2,20.7,25.68,79,78,0.84,MX,1670118917
166,seoul,126.9778,37.5683,-2.22,28,0,5.14,KR,1670118918
167,souillac,57.5167,-20.5167,23.21,83,40,0.0,MU,1670118918
168,roebourne,117.1333,-20.7833,36.81,25,1,3.88,AU,1670118919
169,sur,59.5289,22.5667,22.39,63,0,2.58,OM,1670118919
170,beringovskiy,179.3167,63.05,1.03,99,100,5.04,RU,1670118920
171,qaanaaq,-69.3632,77.484,-17.83,85,100,0.92,GL,1670118921
172,minab,57.0801,27.1467,16.18,77,3,0.0,IR,1670118921
173,kardailovo,53.9042,51.5386,-12.93,67,0,2.64,RU,1670118922
174,janakkala,24.6,60.9,-5.11,99,97,0.46,FI,1670118922
175,salinopolis,-47.3561,-0.6136,25.89,79,100,3.74,BR,1670118905
176,severo-yeniseyskiy,93.0408,60.3725,-27.33,100,75,1.71,RU,1670118923
177,marsh+harbour,-77.0636,26.5412,24.08,61,0,7.4,BS,1670118924
178,west+bay,-81.4167,19.3667,28.04,79,20,6.69,KY,1670118806
179,camocim,-40.8411,-2.9022,26.38,78,100,5.88,BR,1670118924
180,cape+town,18.4232,-33.9258,16.6,70,20,6.69,ZA,1670118801
181,pinawa,-95.8811,50.1489,-14.89,82,97,4.32,CA,1670118925
182,bambous+virieux,57.7575,-20.3428,23.14,83,40,0.0,MU,1670118926
183,ulaanbaatar,106.8832,47.9077,-32.93,62,18,1.0,MN,1670118710
184,port+keats,129.55,-14.25,33.48,44,89,4.4,AU,1670118927
185,krivosheino,83.9261,57.3431,-19.68,90,100,2.74,RU,1670118927
186,kahului,-156.47,20.8947,26.02,81,61,4.92,US,1670118928
187,boa+vista,-60.6733,2.8197,23.99,88,75,4.63,BR,1670118928
188,dandong,124.3947,40.1292,-6.83,24,0,5.04,CN,1670118929
189,kurchum,83.6542,48.5722,-19.36,92,100,1.02,KZ,1670118929
190,sfantu+gheorghe,25.7833,45.8667,5.7,87,100,2.3,RO,1670118930
191,denpasar,115.2167,-8.65,29.84,74,40,1.54,ID,1670118870
192,ust-kuyga,135.6,70.0167,-22.79,98,100,4.63,RU,1670118931
193,kavieng,150.7967,-2.5744,26.89,78,100,2.44,PG,1670118931
194,constitucion,-72.4167,-35.3333,13.92,72,76,5.95,CL,1670118932
195,coahuayana,-103.6833,18.7333,24.4,87,78,0.55,MX,1670118932
196,ubatuba,-45.0711,-23.4339,23.9,92,100,1.39,BR,1670118933
197,tuktoyaktuk,-133.0374,69.4541,-12.0,85,75,9.77,CA,1670118933
198,upernavik,-56.1549,72.7868,-6.8,66,100,12.27,GL,1670118934
199,the+valley,-63.0578,18.217,25.61,71,1,5.49,AI,1670118934
200,cajazeiras,-38.5553,-6.8903,26.45,57,98,2.3,BR,1670118842
201,kurumkan,110.3,54.3,-20.33,89,100,1.05,RU,1670118935
202,evry,2.45,48.6333,2.71,91,100,5.14,FR,1670118936
203,shelburne,-80.2041,44.0787,-1.25,71,96,6.68,CA,1670118719
204,pokhara,83.9833,28.2333,15.15,32,0,1.91,NP,1670118893
205,saint-joseph,55.6167,-21.3667,23.21,84,83,4.38,RE,1670118937
206,redmond,-122.1215,47.674,4.06,85,41,1.7,US,1670118673
207,laxou,6.148,48.6832,2.17,89,100,5.66,FR,1670118938
208,besikduzu,39.2284,41.052,10.94,87,95,0.98,TR,1670118938
209,port+macquarie,152.9167,-31.4333,23.27,56,33,3.64,AU,1670118939
210,kieta,155.6333,-6.2167,28.6,74,98,2.45,PG,1670118939
211,sao+miguel+do+araguaia,-50.1628,-13.275,22.08,95,100,2.88,BR,1670118940
212,bethel,-73.414,41.3712,11.17,56,0,5.66,US,1670118695
213,wadi+musa,35.4793,30.3222,10.04,82,11,1.93,JO,1670118941
214,durusu,28.6767,41.3053,11.58,86,100,6.26,TR,1670118941
215,waddan,16.139,29.1614,17.06,33,1,4.08,LY,1670118942
216,ilhabela,-45.3581,-23.7781,23.76,93,100,1.74,BR,1670118887
217,kailua,-157.7394,21.4022,27.17,76,25,2.24,US,1670118943
218,ghanzi,21.7833,-21.5667,27.58,28,98,2.67,BW,1670118943
219,helena,-112.0361,46.5927,-8.23,75,64,2.0,US,1670118844
220,juneau,-134.4197,58.3019,-1.55,100,1,1.42,US,1670118944
221,airai,125.4092,-8.9266,24.84,39,96,0.39,TL,1670118945
222,jasper,-94.3502,37.2001,0.31,60,0,1.54,US,1670118648
223,sorland,12.6934,67.667,2.92,73,100,7.49,NO,1670118946
224,khandyga,135.6,62.6667,-34.16,97,100,1.1,RU,1670118925
225,beira,34.8389,-19.8436,24.05,100,40,1.54,MZ,1670118946
226,garowe,48.4845,8.4054,20.21,69,12,4.27,SO,1670118947
227,lagoa,-27.9833,39.05,15.25,68,8,14.16,PT,1670118947
228,monte+alegre,-54.0692,-2.0078,24.0,90,95,0.81,BR,1670118948
229,porto+walter,-72.7439,-8.2686,21.08,98,100,1.1,BR,1670118948
230,talnakh,88.3972,69.4865,-19.33,99,100,2.59,RU,1670118949
231,viedma,-62.9967,-40.8135,20.37,40,9,5.59,AR,1670118949
232,kidal,1.4078,18.4411,22.86,15,73,5.17,ML,1670118950
233,betsiamites,-68.646,48.9413,7.22,99,100,1.44,CA,1670118951
234,mar+del+plata,-57.5575,-38.0023,18.86,78,0,2.57,AR,1670118952
235,provideniya,-173.3,64.3833,-0.11,97,100,4.74,RU,1670118952
236,caravelas,-39.2481,-17.7125,22.27,94,100,2.4,BR,1670118953
237,asau,26.4,46.4333,-1.49,97,100,1.28,RO,1670118953
238,broome,-75.833,42.2506,3.88,73,51,5.81,US,1670118954
239,cockburn+town,-71.1419,21.4612,25.98,65,75,7.2,TC,1670118954
240,sistranda,8.834,63.7256,-2.02,65,25,3.58,NO,1670118955
241,tomatlan,-105.25,19.9333,22.95,86,11,0.23,MX,1670118727
242,castro,-50.0119,-24.7911,18.13,94,100,1.56,BR,1670118908
243,tvedestrand,8.9315,58.622,-0.29,84,94,7.38,NO,1670118956
244,florianopolis,-48.5012,-27.6146,23.57,92,75,1.54,BR,1670118285
245,mogok,96.5,22.9167,19.7,56,1,0.57,MM,1670118957
246,kirakira,161.9205,-10.4544,28.81,75,100,4.15,SB,1670118957
247,montgomery,-77.1997,39.1501,11.62,50,0,6.17,US,1670118958
248,hinton,-117.5857,53.4001,-10.63,82,89,4.76,CA,1670118958
249,praya,-23.5087,14.9215,21.3,64,20,2.06,CV,1670118959
250,les+cayes,-73.75,18.2,23.92,78,0,3.83,HT,1670118959
251,albert+town,-77.5424,18.2943,23.28,87,6,3.87,JM,1670118960
252,tombouctou,-3.0,20.0,23.33,17,82,4.11,ML,1670118960
253,sungairaya,108.9,0.7,28.23,75,81,0.98,ID,1670118961
254,pincher+creek,-113.952,49.4833,-4.91,68,0,8.75,CA,1670118961
255,poya,165.15,-21.35,24.83,93,100,1.23,NC,1670118962
256,tezu,96.1667,27.9167,20.6,35,0,0.48,IN,1670118963
257,payson,-111.7321,40.0444,4.11,69,100,0.89,US,1670118964
258,nalut,10.85,30.3333,14.91,19,6,2.65,LY,1670118964
259,goundam,-3.6708,16.4145,24.89,24,54,1.61,ML,1670118965
260,bone,12.1396,51.9669,1.05,87,100,3.14,DE,1670118965
261,trakai,24.9333,54.6333,-1.81,94,100,3.96,LT,1670118966
262,albertville,-86.2089,34.2676,14.97,88,0,3.09,US,1670118966
263,venado+tuerto,-61.9688,-33.7456,20.0,36,0,3.74,AR,1670118967
264,marzuq,46.4667,14.4,14.41,49,0,0.94,YE,1670118967
265,namatanai,152.4333,-3.6667,29.76,65,85,2.53,PG,1670118968
266,troitsko-pechorsk,56.1964,62.7084,-19.13,100,90,1.34,RU,1670118968
267,camacupa,17.4833,-12.0167,16.06,95,95,0.69,AO,1670118926
268,tabou,-7.3528,4.423,24.43,88,100,1.59,CI,1670118686
269,kijang,129.2139,35.2442,7.85,31,19,3.23,KR,1670118969
270,janauba,-43.3089,-15.8025,21.39,80,100,3.76,BR,1670118970
271,sola,167.55,-13.8833,27.87,68,96,5.21,VU,1670118971
272,westport,-73.3579,41.1415,11.57,61,4,8.05,US,1670118971
273,gunjur,-16.7339,13.2019,20.04,94,0,1.03,GM,1670118972
274,kaitangata,169.8464,-46.2817,16.97,53,100,5.08,NZ,1670118972
275,bibiani,-2.3194,6.4635,21.46,99,92,0.17,GH,1670118973
276,abomsa,39.9833,9.9833,17.02,46,55,2.54,ET,1670118973
277,aden,45.0367,12.7794,25.53,72,1,5.02,YE,1670118974
278,puerto+ayora,-90.3518,-0.7393,20.86,94,60,1.79,EC,1670118973
279,alyangula,136.4192,-13.8483,30.85,55,100,3.11,AU,1670118975
280,nantucket,-70.0995,41.2835,14.08,93,100,9.77,US,1670118975
281,kozhevnikovo,83.9714,56.2589,-20.42,96,58,2.64,RU,1670118976
282,selma,-119.6121,36.5708,15.1,100,100,2.06,US,1670118976
283,bukama,25.85,-9.2,20.16,93,100,1.35,CD,1670118977
284,katobu,122.5276,-4.9408,28.07,70,99,0.6,ID,1670118977
285,le+port,55.2919,-20.9373,24.0,75,11,1.67,RE,1670118978
286,leningradskiy,178.4167,69.3833,-11.28,86,100,5.91,RU,1670118923
287,orlik,99.825,52.5178,-27.54,93,74,1.19,RU,1670118978
288,necochea,-58.7368,-38.5473,19.74,57,24,5.99,AR,1670118979
289,kolokani,-8.0339,13.5728,24.44,53,100,1.59,ML,1670118979
290,tabory,64.5495,58.5198,-11.52,94,100,3.4,RU,1670118980
291,zharkent,80.0,44.1628,-4.98,69,100,1.58,KZ,1670118981
292,soure,-48.5233,-0.7167,26.06,81,100,3.63,BR,1670118981
293,artyom,50.333,40.4723,4.08,60,100,7.68,AZ,1670118982
294,calvinia,19.776,-31.4707,10.75,65,79,1.44,ZA,1670118982
295,salinas,-121.6555,36.6777,13.88,89,100,0.0,US,1670118758
296,faya,42.4509,18.3851,11.06,87,0,0.7,SA,1670118983
297,ostrovnoy,39.5131,68.0531,-7.47,89,35,4.19,RU,1670118983
298,rongcheng,117.8517,30.634,6.1,95,100,1.87,CN,1670118984
299,pitimbu,-34.8086,-7.4706,25.33,78,11,5.91,BR,1670118984
300,arkhangelsk,40.5433,64.5401,-11.94,92,75,2.0,RU,1670118985
301,clyde+river,-68.5914,70.4692,-17.87,65,2,9.26,CA,1670118985
302,plastun,136.2939,44.7561,-12.26,54,10,6.82,RU,1670118986
303,victoria,114.1577,22.2855,21.29,83,59,4.02,HK,1670118986
304,feijo,-70.3536,-8.1642,21.88,98,100,0.55,BR,1670118987
305,cimislia,28.7842,46.52,0.08,77,100,3.68,MD,1670118987
306,bergerac,0.5,44.8333,4.87,100,79,0.0,FR,1670118988
307,gazli,63.45,40.1333,-3.11,58,100,3.66,UZ,1670118988
308,belaya+gora,146.4167,68.5333,-26.32,96,100,2.67,RU,1670118989
309,labuhan,112.2051,-6.8844,28.59,72,100,1.85,ID,1670118989
310,male,73.5089,4.1748,26.97,89,75,1.54,MV,1670118703
311,sangar,127.4739,63.9242,-32.07,93,100,1.58,RU,1670118990
312,wiehl,7.5333,50.95,1.3,85,64,1.91,DE,1670118991
313,san+pedro,121.0167,14.35,27.95,80,75,2.06,PH,1670118991
314,hirara,125.2833,24.8,26.15,78,75,3.09,JP,1670118992
315,nenjiang,125.2167,49.1833,-22.68,78,10,1.98,CN,1670118992
316,nautla,-96.7833,20.2167,23.22,86,0,1.23,MX,1670118993
317,harper,-7.7169,4.375,24.91,84,100,1.54,LR,1670118993
318,saint-augustin,-58.6502,51.226,1.1,82,100,7.85,CA,1670118994
319,karatau,70.4667,43.1667,-7.11,69,100,1.43,KZ,1670118994
320,claremore,-95.6161,36.3126,2.97,56,40,3.09,US,1670118995
321,geraldton,114.6,-28.7667,24.23,64,100,1.54,AU,1670118995
322,saint+george,-113.5841,37.1041,13.3,46,1,0.89,US,1670118996
323,liptovsky+mikulas,19.6222,49.0806,-1.21,93,100,2.38,SK,1670118996
324,bonavista,-53.1147,48.6499,1.0,74,50,5.42,CA,1670118997
325,dali,100.1833,25.7,11.23,50,0,1.68,CN,1670118879
326,tema,-0.0166,5.667,26.23,94,0,2.06,GH,1670118486
327,wewak,143.6268,-3.5534,27.58,77,100,1.38,PG,1670118998
328,port+lincoln,135.8667,-34.7333,23.61,53,81,6.07,AU,1670118998
329,pacific+grove,-121.9166,36.6177,12.58,92,100,0.0,US,1670118998
330,meulaboh,96.1285,4.1363,25.8,81,95,1.22,ID,1670118999
331,frederikshavn,10.5366,57.4407,2.09,75,100,8.57,DK,1670118999
332,ponta+do+sol,-17.1,32.6667,16.67,77,59,4.77,PT,1670118960
333,hondo,130.2,32.45,14.17,77,94,6.57,JP,1670119000
334,san+patricio,-97.5169,28.017,21.92,84,100,4.04,US,1670119001
335,kruisfontein,24.7314,-34.0033,16.05,82,100,1.51,ZA,1670119001
336,nueve+de+julio,-60.8831,-35.4444,20.54,50,0,3.38,AR,1670119002
337,tadine,167.8833,-21.55,26.12,81,100,1.88,NC,1670119002
338,nelson+bay,152.15,-32.7167,24.03,67,86,4.47,AU,1670119003
339,wanlaweyn,44.8938,2.6185,23.72,89,33,3.13,SO,1670119003
340,arlit,7.3853,18.7369,22.89,16,6,3.06,NE,1670118956
341,deputatskiy,139.9,69.3,-27.62,96,100,2.34,RU,1670119004
342,brandon,-82.2859,27.9378,21.69,81,40,2.68,US,1670118941
343,avera,-82.5271,33.194,16.73,92,87,2.62,US,1670119005
344,ribeira+grande,-28.7,38.5167,15.43,79,99,5.36,PT,1670118935
345,naerbo,5.65,58.6667,2.23,75,0,3.63,NO,1670119005
346,barre,-72.5021,44.197,5.26,72,47,5.97,US,1670119006
347,mareeba,145.4333,-17.0,30.24,52,7,1.73,AU,1670119006
348,okha,142.9478,53.5739,-15.31,85,100,9.79,RU,1670119007
349,jieshi,115.8257,22.8134,20.47,72,0,3.28,CN,1670119007
350,pochutla,-96.4661,15.7432,26.57,71,0,1.51,MX,1670119008
351,hobyo,48.5268,5.3505,25.97,71,89,8.67,SO,1670119008
352,isangel,169.2667,-19.55,29.08,74,100,3.85,VU,1670118768
353,lorengau,147.2712,-2.0226,27.75,78,100,2.93,PG,1670118999
354,axim,-2.2405,4.8699,25.13,87,95,1.59,GH,1670119010
355,mamallapuram,80.1722,12.6264,26.03,82,100,4.64,IN,1670118718
356,mehamn,27.8492,71.0357,-3.05,80,40,9.26,NO,1670119010
357,stryn,6.7226,61.9045,-2.6,66,25,1.7,NO,1670119011
358,little+current,-81.9248,45.9793,-3.63,68,88,0.89,CA,1670119011
359,nguru,10.4526,12.8791,22.85,23,80,4.27,NG,1670119012
360,pierre,-100.351,44.3683,-4.97,55,4,3.13,US,1670119012
361,mocuba,36.9856,-16.8392,22.8,80,0,2.07,MZ,1670119013
362,goderich,-81.7165,43.7501,1.62,64,100,6.69,CA,1670119013
363,ewa+beach,-158.0072,21.3156,27.14,69,5,7.4,US,1670119014
364,bilibino,166.4372,68.0546,-14.67,84,100,1.82,RU,1670119014
365,lasa,10.7002,46.6166,2.23,99,98,1.99,IT,1670119015
366,ordu,37.6845,40.9086,5.04,91,98,0.88,TR,1670119015
367,nanortalik,-45.2371,60.1432,-4.49,79,3,5.77,GL,1670119016
368,alakurtti,30.3491,66.9672,-5.62,96,100,2.1,RU,1670119017
369,bubaque,-15.8333,11.2833,25.99,66,52,4.79,GW,1670119017
370,pietersburg,29.4688,-23.9045,18.47,94,14,3.6,ZA,1670119017
371,mathbaria,89.9593,22.2876,18.82,65,0,2.81,BD,1670119018
372,touros,-35.4608,-5.1989,25.76,76,4,6.76,BR,1670119019
373,coquimbo,-71.3436,-29.9533,14.85,88,0,2.06,CL,1670119019
374,caarapo,-54.8222,-22.6342,21.56,92,100,1.04,BR,1670119020
375,batemans+bay,150.1833,-35.7167,21.17,48,0,4.86,AU,1670119020
376,faanui,-151.75,-16.4833,27.08,77,20,8.11,PF,1670119021
377,dauphin,-100.0502,51.1494,-14.92,66,100,8.23,CA,1670118721
378,vazante,-46.9078,-17.9869,19.84,83,99,2.05,BR,1670119022
379,kvitok,98.4813,56.0724,-16.19,95,99,2.56,RU,1670119022
380,nizhniy+odes,54.856,63.6445,-22.46,100,93,1.4,RU,1670119023
381,hengshui,115.7011,37.7322,-0.46,21,100,2.49,CN,1670119023
382,hay+river,-115.7999,60.8156,-2.01,86,100,8.23,CA,1670119024
383,padang,100.3543,-0.9492,23.03,92,100,2.04,ID,1670119025
384,madhupur,86.65,24.25,15.98,43,1,2.57,IN,1670119025
385,rawson,-65.1023,-43.3002,21.22,31,26,5.87,AR,1670119026
386,vao,167.4833,-22.6667,24.38,91,100,3.0,NC,1670119027
387,pompeu,-44.9353,-19.2244,19.92,83,100,2.22,BR,1670119028
388,santana+do+livramento,-55.5328,-30.8908,19.15,97,96,1.65,BR,1670119028
389,alice+springs,133.8833,-23.7,33.75,12,0,4.12,AU,1670118911
390,itagi,-40.0061,-14.1628,20.86,99,100,0.89,BR,1670119029
391,mandalgovi,106.2708,45.7625,-15.39,41,0,2.71,MN,1670119030
392,alugan,125.4808,12.2188,27.5,87,93,3.95,PH,1670119030
393,zyrardow,20.446,52.0488,2.09,99,100,5.37,PL,1670119030
394,shimoda,138.95,34.6667,17.2,58,64,11.0,JP,1670119031
395,bosaso,49.1816,11.2842,22.69,73,0,2.11,SO,1670119032
396,mahajanga,46.3167,-15.7167,26.01,89,20,0.51,MG,1670119032
397,flin+flon,-101.865,54.7682,-15.61,95,100,2.28,CA,1670119032
398,eyl,49.8164,7.9803,23.48,75,54,6.44,SO,1670119033
399,ostrovskoye,42.2433,57.8057,-15.24,97,77,1.86,RU,1670119034
400,kalmunai,81.8167,7.4167,25.47,84,65,2.71,LK,1670119034
401,sabang,95.3214,5.8933,27.17,70,100,0.93,ID,1670119036
402,billere,-0.4,43.3,3.3,100,100,2.06,FR,1670119036
403,umuarama,-53.325,-23.7664,21.86,87,99,1.95,BR,1670119037
404,acapulco,-99.8901,16.8634,26.15,72,0,3.02,MX,1670118755
405,casper,-106.3131,42.8666,-5.59,69,12,5.23,US,1670118959
406,tarko-sale,77.785,64.9225,-23.26,98,17,3.04,RU,1670119038
407,ternate,127.4,0.8,28.91,69,85,0.98,ID,1670119038
408,ushtobe,77.9838,45.2514,-9.21,88,100,2.08,KZ,1670119039
409,beyneu,55.2,45.3167,-9.52,59,0,4.34,KZ,1670118890
410,weiser,-116.9693,44.251,-2.85,81,9,2.5,US,1670119040
411,kungurtug,97.5228,50.5994,-27.7,93,17,0.64,RU,1670119040
412,alindao,21.2088,5.0267,23.27,37,92,1.08,CF,1670119041
413,elat,34.9482,29.5581,15.91,59,0,2.06,IL,1670119041
414,srednekolymsk,153.6833,67.45,-40.66,100,51,1.53,RU,1670119042
415,saint-pierre,55.4781,-21.3393,23.82,73,0,2.06,RE,1670119042
416,yulara,130.9889,-25.2406,35.59,9,0,4.39,AU,1670118993
417,nago,127.9761,26.5881,25.25,80,61,0.88,JP,1670119043
418,grindavik,-22.4338,63.8424,2.26,100,75,2.57,IS,1670119044
419,ipixuna,-48.8043,-1.7625,24.03,91,100,1.09,BR,1670119044
420,tres+lagoas,-51.6783,-20.7511,23.65,73,100,1.68,BR,1670119045
421,vostok,135.8833,46.4856,-20.65,90,100,5.59,RU,1670119045
422,ballina,153.5667,-28.8667,21.55,81,79,5.65,AU,1670119046
423,gamba,10.0,-2.65,23.32,93,100,1.7,GA,1670119047
424,xianyang,108.7026,34.3378,2.58,44,100,3.0,CN,1670119047
425,puerto+escondido,-97.0667,15.85,25.92,63,4,1.72,MX,1670119048
426,vilyuysk,121.6247,63.7553,-24.65,98,100,2.71,RU,1670119048
427,cherskiy,161.3,68.75,-14.29,96,100,1.81,RU,1670119049
428,neryungri,124.6491,56.6709,-18.81,90,100,6.18,RU,1670119049
429,gambiran,111.4951,-6.7988,27.66,76,100,2.47,ID,1670119049
430,bouna,-3.0,9.2667,23.92,79,100,1.9,CI,1670119050
431,qasigiannguit,-51.1922,68.8193,-7.77,92,100,2.41,GL,1670119024
432,urcos,-71.6228,-13.6861,11.94,83,18,2.24,PE,1670119051
433,codrington,141.9667,-38.2667,29.0,40,100,4.75,AU,1670119051
434,bakchar,82.0711,57.0186,-20.42,90,100,2.42,RU,1670119052
435,margate,1.3862,51.3813,4.94,80,100,2.24,GB,1670119052
436,praia+da+vitoria,-27.0667,38.7333,15.14,77,75,15.38,PT,1670119053
437,santa+maria,-53.8069,-29.6842,22.61,94,75,3.09,BR,1670119053
438,lazaro+cardenas,-102.2,17.9583,25.54,79,0,1.19,MX,1670119014
439,tucurui,-49.6725,-3.7661,22.99,95,95,1.38,BR,1670118988
440,bereda,-7.5406,43.2686,1.34,100,14,0.6,ES,1670119027
441,jalu,21.5482,29.0331,13.67,64,65,3.48,LY,1670119054
442,sao+filipe,-24.4956,14.8961,22.08,64,99,1.76,CV,1670119055
443,ust-nera,143.2,64.5667,-40.68,98,82,2.13,RU,1670119056
444,flagstaff,-111.6513,35.1981,6.42,88,100,1.54,US,1670119056
445,dhidhdhoo,73.1,6.8833,27.22,73,100,3.6,MV,1670118908
446,palmas,-48.3603,-10.2128,23.93,94,75,1.03,BR,1670119058
447,senanga,23.2667,-16.1167,19.97,29,19,2.04,ZM,1670119058
448,saint+anthony,-93.218,45.0205,-11.83,74,54,0.45,US,1670119059
449,paysandu,-58.0756,-32.3214,21.6,83,0,3.28,UY,1670119059
450,husavik,-17.3389,66.0449,-0.76,80,4,4.62,IS,1670119060
451,ketchikan,-131.6461,55.3422,-3.23,51,9,1.44,US,1670119060
452,saint-georges,-61.7485,12.0564,24.64,84,97,3.64,GD,1670119061
453,west+wendover,-114.0733,40.7391,-3.33,79,100,0.59,US,1670119061
454,zainsk,52.0694,55.3195,-21.2,94,85,1.38,RU,1670119062
455,cap+malheureux,57.6142,-19.9842,22.48,77,12,2.24,MU,1670119062
456,piste,-88.5833,20.7,23.83,82,0,3.23,MX,1670119063
457,san+quintin,-115.95,30.4833,17.52,71,100,1.3,MX,1670119064
458,fort+saint+james,-124.25,54.4333,-20.35,99,12,0.49,CA,1670119064
459,piacabucu,-36.4344,-10.4056,24.2,86,100,3.87,BR,1670119065
460,arman,150.1667,59.7,-16.92,84,100,4.14,RU,1670119065
461,umm+kaddadah,26.6876,13.6017,18.89,34,0,6.4,SD,1670119066
462,fukue,128.8419,32.6881,14.2,72,75,5.66,JP,1670119066
463,pietarsaari,22.6833,63.65,-5.93,90,61,1.12,FI,1670119067
464,velsk,42.0983,61.0701,-11.84,93,89,2.14,RU,1670119067
465,biltine,20.9167,14.5333,20.7,16,9,4.77,TD,1670119067
466,kalemie,29.1947,-5.9475,21.44,85,100,1.25,CD,1670119068
467,mount+gambier,140.7667,-37.8333,30.14,23,100,4.78,AU,1670119068
468,aksay,39.87,47.26,-6.53,36,7,8.05,RU,1670119069
469,ndele,20.6473,8.4109,22.17,27,48,2.25,CF,1670119069
470,araripe,-40.0461,-7.2125,22.11,69,87,4.48,BR,1670119070
471,ola,151.2833,59.5833,-13.43,94,100,4.45,RU,1670119071
472,bac+giang,106.2,21.2667,17.04,77,100,3.45,VN,1670119071
473,port+augusta,137.7667,-32.5,36.72,11,52,4.64,AU,1670119072
474,dawson+creek,-120.2362,55.7666,-6.2,53,0,2.57,CA,1670119072
475,benalla,145.9833,-36.55,28.5,38,0,2.3,AU,1670119072
476,bokoro,17.0568,12.3807,24.74,23,100,4.76,TD,1670119073
477,holme,10.1725,56.1138,2.76,86,100,7.18,DK,1670119073
478,farafangana,47.8333,-22.8167,22.31,92,100,1.21,MG,1670119074
479,totness,-56.3167,5.8833,23.92,90,100,4.04,SR,1670119074
480,kamaishi,141.8833,39.2667,8.61,69,84,1.88,JP,1670119075
481,hovd,91.6419,48.0056,-19.21,75,0,1.9,MN,1670119076
482,mpulungu,31.1141,-8.7623,22.06,77,100,1.95,ZM,1670119076
483,santa+isabel+do+rio+negro,-65.0192,-0.4139,23.17,98,64,0.06,BR,1670119077
484,gratkorn,15.3655,47.1497,2.4,77,75,1.03,AT,1670119077
485,jizan,42.6667,17.3333,25.52,75,0,1.87,SA,1670119077
486,havre-saint-pierre,-63.5986,50.2334,6.2,93,100,8.75,CA,1670119078
487,yumen,97.2,40.2833,-9.59,85,97,1.26,CN,1670119078
488,padilla,-76.3139,3.2204,21.76,92,84,1.01,CO,1670119079
489,ferrandina,16.4547,40.5012,11.69,93,100,6.77,IT,1670119079
490,ust-karsk,118.8077,52.7011,-25.7,88,27,0.95,RU,1670119080
491,popondetta,148.2534,-8.7537,33.4,47,47,2.78,PG,1670119080
492,ballangen,16.8315,68.3428,-1.88,69,100,3.6,NO,1670119081
493,pontianak,109.3333,-0.0333,25.99,88,40,1.54,ID,1670119049
494,olafsvik,-23.7142,64.8945,4.8,83,98,4.58,IS,1670119082
495,mogadishu,45.3438,2.0371,26.63,79,52,5.79,SO,1670118884
496,vidim,103.1106,56.4088,-17.19,95,100,2.98,RU,1670119082
497,sao+gabriel+da+cachoeira,-67.0892,-0.1303,22.63,99,97,0.29,BR,1670119083
498,novobirilyussy,90.6661,56.9514,-20.13,96,95,2.53,RU,1670119083
499,ilebo,20.5833,-4.3167,21.04,99,100,0.54,CD,1670119084
500,bytow,17.4919,54.1706,-2.11,92,100,2.94,PL,1670119084
501,nyzhni+sirohozy,34.3804,46.8484,-2.15,64,82,7.37,UA,1670119085
502,hambantota,81.1185,6.1241,23.19,100,40,0.51,LK,1670119085
503,oussouye,-16.5469,12.485,22.17,75,34,2.57,SN,1670119086
504,taunggyi,97.0333,20.7833,18.02,73,5,0.26,MM,1670119086
505,akot,77.0586,21.0964,19.42,57,31,2.43,IN,1670119087
506,qarqin,66.0436,37.4185,4.64,36,100,2.93,AF,1670119087
507,klaksvik,-6.589,62.2266,6.51,93,100,2.82,FO,1670119088
508,permet,20.3517,40.2336,10.81,83,100,2.88,AL,1670119088
509,maku,44.4521,39.2911,2.34,93,100,0.0,IR,1670119089
510,mitu,-70.1733,1.1983,24.83,75,100,1.04,CO,1670119089
511,manado,124.8455,1.487,25.43,94,40,0.51,ID,1670119089
512,dehloran,47.2679,32.6941,15.53,58,100,0.73,IR,1670119090
513,chenghai,116.768,23.4632,19.95,77,75,2.0,CN,1670119090
514,polyarnyy,33.4478,69.1989,-7.95,92,42,3.99,RU,1670119091
515,zemio,25.1361,5.0314,20.76,49,43,1.35,CF,1670119091
516,yangambi,24.4336,0.8102,21.11,93,82,0.55,CD,1670119092
517,nouakchott,-15.9785,18.0858,15.96,67,0,3.9,MR,1670119092
518,la+brea,-85.9667,15.8,22.71,92,3,0.68,HN,1670119093
519,sorong,131.25,-0.8833,27.18,82,99,3.08,ID,1670119093
520,ishigaki,124.1572,24.3448,26.07,83,20,3.09,JP,1670119094
521,sibolga,98.7792,1.7427,24.86,91,100,1.15,ID,1670119094
522,sohbatpur,68.5434,28.5202,15.39,30,0,2.21,PK,1670119095
523,morden,-98.1014,49.1919,-13.09,66,73,3.6,CA,1670118865
524,bandarbeyla,50.8122,9.4942,24.78,69,11,7.33,SO,1670119096
525,surgut,73.4167,61.25,-9.9,92,100,2.0,RU,1670118896
526,kavaratti,72.642,10.5669,27.53,75,100,3.6,IN,1670119096
527,lahij,44.5833,13.1667,20.11,85,0,1.53,YE,1670119097
528,pangoa,-73.0,-12.1167,19.59,98,85,0.48,PE,1670119097
529,praia,-23.5087,14.9215,21.3,64,20,2.06,CV,1670119098
530,sault+sainte+marie,-84.3333,46.5168,-5.84,79,100,7.72,CA,1670119007
531,mackenzie,-123.1698,55.2999,-17.88,78,0,2.06,CA,1670118911
532,sungurlu,34.3739,40.1675,6.95,84,91,1.31,TR,1670119099
533,vung+tau,107.0843,10.346,27.46,77,100,7.46,VN,1670119099
534,novi+sanzhary,34.3108,49.3439,-4.57,41,96,6.25,UA,1670119100
535,la+ligua,-71.2311,-32.4524,17.14,67,0,0.52,CL,1670119100
536,tulun,100.5792,54.5611,-14.94,94,100,1.14,RU,1670119101
537,akdepe,59.3788,42.0551,-12.95,75,81,3.23,TM,1670119101
538,butembo,29.2833,0.15,12.99,91,42,0.79,CD,1670119102
539,ocean+city,-74.5746,39.2776,12.21,69,8,8.82,US,1670118905
540,rio+gallegos,-69.2181,-51.6226,9.03,40,40,6.69,AR,1670119009
541,walvis+bay,14.5053,-22.9575,14.49,87,0,1.56,NA,1670119103
542,linqiong,103.4609,30.4159,6.9,63,84,1.25,CN,1670119103
543,faranah,-10.7434,10.0404,22.97,80,100,1.71,GN,1670119104
544,unguia,-77.0945,8.0434,22.77,96,32,1.09,CO,1670119104
545,hamilton,-84.5333,39.1834,1.35,74,9,1.77,US,1670118834
546,eston,-108.7514,51.1501,-12.78,75,53,6.23,CA,1670119105
547,shingu,135.9833,33.7333,13.04,70,100,1.48,JP,1670118843
548,caibarien,-79.4669,22.5206,25.23,62,20,8.43,CU,1670119106
549,mahibadhoo,72.9667,3.7833,26.77,77,84,4.0,MV,1670119106
550,kribi,9.9167,2.95,25.43,87,100,2.05,CM,1670119107
551,flinders,150.8552,-34.5833,25.66,62,0,3.13,AU,1670119107
552,half+moon+bay,-122.4286,37.4636,11.06,96,100,0.0,US,1670119108
553,xuddur,43.8894,4.1213,20.87,91,9,5.94,SO,1670119108
554,lompoc,-120.4579,34.6391,16.44,92,79,2.24,US,1670118982
555,torata,-70.8433,-17.0769,13.43,54,0,0.3,PE,1670119109
556,tuatapere,167.6833,-46.1333,15.52,65,99,5.54,NZ,1670118971
557,zelenoborskiy,32.3622,66.845,-4.57,96,100,2.79,RU,1670119110
558,santiago+del+estero,-64.2615,-27.7951,27.28,28,2,3.27,AR,1670119110
559,tupik,119.9327,54.4253,-25.13,88,87,1.04,RU,1670119111
560,moengo,-54.4,5.6167,22.21,99,100,0.99,SR,1670119111
561,svetlaya,138.3297,46.5389,-13.49,55,100,5.7,RU,1670119111
562,fort+nelson,-122.7002,58.8053,-11.23,85,75,1.54,CA,1670119112
563,kollam,76.6,8.8833,25.52,80,100,3.56,IN,1670119112
564,sumbe,13.8437,-11.2061,25.12,86,100,3.1,AO,1670119113
565,jiaojiang,121.4428,28.6803,10.56,90,100,5.69,CN,1670119113
566,dovers,-61.1833,12.8833,25.98,79,81,5.32,VC,1670119114
567,chifeng,118.9636,42.2683,-9.68,31,5,5.01,CN,1670119115
568,lerwick,-1.1494,60.1545,6.0,69,100,6.08,GB,1670119115
569,adrar,-10.0711,20.5022,20.07,23,0,2.73,MR,1670119115
570,dekar,21.9333,-21.5333,27.25,29,96,2.34,BW,1670119116
571,colleferro,13.0036,41.7262,11.88,94,100,2.45,IT,1670119117
572,tete,33.5867,-16.1564,23.05,73,20,1.54,MZ,1670119117
573,miandrivazo,45.4667,-19.5167,25.88,69,9,0.41,MG,1670119117
574,iquitos,-73.2472,-3.7481,25.02,83,75,1.54,PE,1670119118
575,isla+mujeres,-86.731,21.2311,24.03,82,33,6.68,MX,1670119119
576,puerto+penasco,-113.5333,31.3167,18.78,61,100,2.49,MX,1670119119
577,natal,-35.2094,-5.795,26.12,73,75,3.09,BR,1670118572
578,uribia,-72.266,11.7139,25.0,79,64,3.65,CO,1670119120
579,baturaja,104.1667,-4.1333,24.89,87,95,0.75,ID,1670119120
580,itarema,-39.9167,-2.9248,26.39,79,19,7.36,BR,1670119121
581,hami,93.45,42.8,-6.58,52,0,2.37,CN,1670119121
582,chone,-80.1,-0.6833,23.21,77,55,3.29,EC,1670119122
583,nishihara,127.7558,26.1842,24.82,78,40,2.06,JP,1670119122
584,belmonte,-38.8828,-15.8631,23.13,90,98,3.28,BR,1670119123
585,niamey,2.1098,13.5137,27.16,22,0,1.54,NE,1670119124
586,makinsk,70.4169,52.6292,-25.7,96,26,1.88,KZ,1670119124
587,fayaoue,166.5333,-20.65,26.88,80,100,5.07,NC,1670119124
588,daru,143.2092,-9.0763,30.43,57,100,1.99,PG,1670119125
589,bama,13.6856,11.5221,23.79,34,34,3.0,NG,1670119125
590,goma,29.2228,-1.6792,15.63,85,100,1.34,CD,1670119126
591,gueret,1.8667,46.1667,3.17,96,100,0.57,FR,1670119126
592,mizdah,12.9801,31.4451,14.49,30,1,1.91,LY,1670119127
593,mozarlandia,-50.5706,-14.7447,22.02,96,100,2.59,BR,1670119127
594,brazzaville,15.2832,-4.2658,22.2,94,20,1.54,CG,1670119128
595,ailigandi,-78.0167,9.2333,26.55,83,60,4.37,PA,1670119128
596,dukat,155.55,62.55,-25.69,79,43,1.31,RU,1670119129
597,yuxia,108.6291,34.0615,2.34,42,92,2.02,CN,1670119129
598,manokwari,134.0833,-0.8667,26.02,83,100,1.1,ID,1670119129
599,heishan,122.1128,41.6892,-7.76,30,0,2.07,CN,1670119130
600,novikovo,37.8879,51.1537,-7.64,58,68,4.86,RU,1670119130
601,xacmaz,48.806,41.4635,2.86,89,100,0.67,AZ,1670119131
602,dzhebariki-khaya,135.8,62.2167,-34.11,97,100,0.8,RU,1670119131
603,batagay,134.6333,67.6333,-26.97,97,100,2.32,RU,1670119132
604,lewistown,-77.5714,40.5992,5.67,79,100,3.6,US,1670119132
605,vitry-le-francois,4.5833,48.7333,3.23,94,94,3.0,FR,1670119133
606,damghan,54.348,36.1683,5.03,74,68,0.87,IR,1670119133
607,jabinyanah,10.9081,35.035,8.89,42,2,4.28,TN,1670119134
608,baghdad,44.4009,33.3406,10.95,100,100,3.09,IQ,1670119134
609,erenhot,111.9767,43.6475,-13.4,58,0,2.63,CN,1670119135
610,teguise,-13.564,29.0605,14.12,94,0,1.54,ES,1670119135
611,cassilandia,-51.7342,-19.1133,23.02,86,100,1.0,BR,1670119136
612,vestmannaeyjar,-20.2734,63.4427,5.59,72,47,1.06,IS,1670119136
613,kachug,105.8817,53.9606,-18.02,92,100,1.08,RU,1670119137
614,shakawe,21.85,-18.3667,22.45,26,23,2.25,BW,1670118916
